{
  "project_info": {
    "project_number": "147811516432",
    "project_id": "carehive-a7fa2",
    "storage_bucket": "carehive-a7fa2.firebasestorage.app"
  },
  "client": [
    {
      "client_info": {
        "mobilesdk_app_id": "1:147811516432:android:53dc0cbf34e247b8820a95",
        "android_client_info": {
          "package_name": "com.example.carehive"
        }
      },
      "oauth_client": [],
      "api_key": [
        {
          "current_key": "AIzaSyBZotTWZ_my-TxMiqL21YiLh3_LTWsTNuA"
        }
      ],
      "services": {
        "appinvite_service": {
          "other_platform_oauth_client": []
        }
      }
    }
  ],
  "configuration_version": "1"
}